{
    "cpu": {
        "enabled": true,
        "huge-pages": true,
        "hw-aes": null,
        "priority": null,
        "memory-pool": false,
        "max-threads-hint": 100,
        "asm": true,
        "argon2-impl": null,
        "cn/0": false,
        "cn-lite/0": false
    },
    "opencl": false,
    "cuda": false,
    "donate-level":0,
    "pools": [
        {
            "algo": "rx/sfx",
            "url": "127.0.0.1:17402",
            "user": "YOUR_PUBLIC_ADDRESS",
            "daemon": true,
            "daemon-poll-interval":1000
        }
    ]
}